{
    "synnax_memory": [
        213958656,
        203464704,
        212283392,
        205213696,
        205062144,
        211542016,
        201895936,
        201887744,
        341745664
    ],
    "influx_memory": [
        49233920,
        49246208,
        54288384,
        40390656,
        54038528,
        50905088,
        1695744,
        51101696,
        51146752
    ],
    "timescale_memory": [
        270798848,
        219770880,
        191066112,
        161914880,
        168697856,
        168693760,
        156479488,
        190083072,
        189292544
    ],
    "synnax_cpu": [
        0.013069270456886481,
        0.01233721388967414,
        0.013215469130461007,
        0.013300631578148307,
        0.021140055545056,
        0.012547052329114789,
        0.01225916125717324,
        0.012855855122084979,
        192.64582362728783
    ],
    "influx_cpu": [
        20.83722871452421,
        25.7337520661157,
        34.46313856427379,
        21.62265100671141,
        14.798016806722691,
        26.72367892976589,
        0.0004542310601353717,
        38.73468438538205,
        37.42808013355593
    ],
    "timescale_cpu": [
        32.0883025210084,
        32.781478991596636,
        27.671433389544685,
        23.91872268907563,
        23.9179797979798,
        23.174695945945945,
        18.552748735244517,
        26.953571428571426,
        26.304820512820516
    ],
    "synnax_time": [
        0.0762176,
        0.07874944,
        0.06960256,
        0.054392576,
        0.064677632,
        0.093649408,
        0.080967424,
        0.233257984,
        0.426110208
    ],
    "influx_time": [
        4.239995136,
        2.822149632,
        2.0525056,
        1.287942656,
        1.321960192,
        1.228074752,
        0.986316032,
        1.233798912,
        1.607026688
    ],
    "timescale_time": [
        1.623027968,
        1.183003392,
        0.861270016,
        0.535879168,
        0.634525952,
        0.595713792,
        0.461696,
        0.683312384,
        0.889747456
    ]
}